;object_type;average_related_objects;average_related_objects_log;score;used_for_selecting
0;Container;33.7583791895948;5.077173733788293;0.4603020155993037;False
1;Handling Unit;2.0;1.0;0.09066107242618483;True
2;Transport Document;33.01683501683502;5.045129925484919;0.45739688957390073;False
3;Truck;2091.1666666666665;11.030092334438114;1.0;False
4;Forklift;1192.6666666666667;10.219975171330752;0.926553909201828;False
5;Vehicle;26.661417322834644;4.7366815711234755;0.4294326309794004;True
6;Customer Order;0.99;0.0;0.0;True
